name,dba,license_number,license_type,license_status,contact_name,phone,address,city,state,zip,county,region,business_purpose,see_category,operational_status,issued_date,expiration_date
"Next Gen Hemp Growers LLC","","OCM-CULT-24-000001","Adult-Use Cultivator License","Active","Lorraine Kellogg","","","","NY","","Chenango","Southern Tier","Adult-Use Cultivation","Women-Owned Business","Active","2024-02-22T00:00:00.000","2028-02-22T00:00:00.000"
"Next Gen Hemp Growers LLC","","OCM-CULT-24-000001","Adult-Use Cultivator License","Active","Lorraine Kellogg","","","","NY","","Broome","Southern Tier","Adult-Use Cultivation","Women-Owned Business","Active","2024-02-22T00:00:00.000","2028-02-22T00:00:00.000"
"Bone Creek Farm LLC","","OCM-CULT-24-000002","Adult-Use Cultivator License","Active","Joseph Gelormino","","","","NY","","Broome","Southern Tier","Adult-Use Cultivation","","Active","2024-02-22T00:00:00.000","2026-02-22T00:00:00.000"
"4 Erratic Farm LLC","","OCM-CULT-24-000003","Adult-Use Cultivator License","Active","David Dzielak","","","","NY","","New York","Manhattan","Adult-Use Cultivation","","Active","2024-02-22T00:00:00.000","2026-02-22T00:00:00.000"
"4 Erratic Farm LLC","","OCM-CULT-24-000003","Adult-Use Cultivator License","Active","David Dzielak","","","","NY","","Onondaga","Central NY","Adult-Use Cultivation","","Active","2024-02-22T00:00:00.000","2026-02-22T00:00:00.000"
"TNH 420 LLC","","OCM-CULT-24-000004","Adult-Use Cultivator License","Active","Daniel Rothvoss","","","","NY","","Columbia","Capital District","Adult-Use Cultivation","","Active","2024-02-22T00:00:00.000","2028-02-22T00:00:00.000"
"Rippin' Ridge Farm, LLC","","OCM-CULT-24-000005","Adult-Use Cultivator License","Active","Jennifer Basic","","","","NY","","Madison","Central NY","Adult-Use Cultivation","Distressed Farmer, Women-Owned Business","Active","2024-02-22T00:00:00.000","2028-02-22T00:00:00.000"
"NG Growers Inc.","Nanticoke Gardens","OCM-CULT-24-000006","Adult-Use Cultivator License","Active","Peter Shafer","","","","NY","","Broome","Southern Tier","Adult-Use Cultivation","","Active","2024-02-22T00:00:00.000","2028-02-22T00:00:00.000"
"NG Growers Inc.","Nanticoke Gardens","OCM-CULT-24-000006","Adult-Use Cultivator License","Active","Peter Shafer","","","","NY","","Broome","Southern Tier","Adult-Use Cultivation","","Active","2024-02-22T00:00:00.000","2028-02-22T00:00:00.000"
"Honey Dog Heaven LLC","","OCM-CULT-24-000007","Adult-Use Cultivator License","Active","james chambers","","","","NY","","Columbia","Capital District","Adult-Use Cultivation","","Active","2024-02-22T00:00:00.000","2028-02-22T00:00:00.000"
"Honey Dog Heaven LLC","","OCM-CULT-24-000007","Adult-Use Cultivator License","Active","james chambers","","","","NY","","Columbia","Capital District","Adult-Use Cultivation","","Active","2024-02-22T00:00:00.000","2028-02-22T00:00:00.000"
"PECONIC GROWERS LLC","","OCM-CULT-24-000008","Adult-Use Cultivator License","Active","Dillon White","","","","NY","","Suffolk","Long Island","Adult-Use Cultivation","","Active","2024-02-22T00:00:00.000","2026-02-22T00:00:00.000"
"Harney Brothers LLC","Dutchess Diesel","OCM-CULT-24-000009","Adult-Use Cultivator License","Active","Michael Harney","","","","NY","","Dutchess","Mid-Hudson","Adult-Use Cultivation","","Active","2024-02-22T00:00:00.000","2028-02-22T00:00:00.000"
"Harney Brothers LLC","Harney Brothers","OCM-CULT-24-000009","Adult-Use Cultivator License","Active","Michael Harney","","","","NY","","Dutchess","Mid-Hudson","Adult-Use Cultivation","","Active","2024-02-22T00:00:00.000","2028-02-22T00:00:00.000"
"Harney Brothers LLC","Dave's","OCM-CULT-24-000009","Adult-Use Cultivator License","Active","Michael Harney","","","","NY","","Dutchess","Mid-Hudson","Adult-Use Cultivation","","Active","2024-02-22T00:00:00.000","2028-02-22T00:00:00.000"
"CSH Wyoming LLC","","OCM-CULT-24-000010","Adult-Use Cultivator License","Active","Morgan Hopkins","","","","NY","","Wyoming","Finger Lakes","Adult-Use Cultivation","","Active","2024-02-22T00:00:00.000","2028-02-22T00:00:00.000"
"Eaton License LLC","Eaton Botanicals","OCM-CULT-24-000011","Adult-Use Cultivator License","Active","Daniel Dolgin","","","","NY","","Madison","Central NY","Adult-Use Cultivation","","Active","2024-02-22T00:00:00.000","2028-02-22T00:00:00.000"
"Torrwood Farm, LLC","","OCM-CULT-24-000012","Adult-Use Cultivator License","Active","Charles Kerr","","","","NY","","Sullivan","Mid-Hudson","Adult-Use Cultivation","Service-Disabled Veteran-Owned Business","Active","2024-03-04T00:00:00.000","2028-03-04T00:00:00.000"
"Enfield Glen Hopyard LLC","Enfield Glen Hopyard","OCM-CULT-24-000013","Adult-Use Cultivator License","Active","Jason Beizavi","","","","NY","","Tompkins","Southern Tier","Adult-Use Cultivation","Distressed Farmer","Active","2024-03-04T00:00:00.000","2028-03-04T00:00:00.000"
"Tumbleweed Farms, LLC","","OCM-CULT-24-000014","Adult-Use Cultivator License","Active","Jose Rodrigues","","","","NY","","Otsego","Mohawk Valley","Adult-Use Cultivation","Minority-Owned Business","Active","2024-03-07T00:00:00.000","2026-03-07T00:00:00.000"
"Moby & Zeke, LLC","","OCM-CULT-24-000015","Adult-Use Cultivator License","Active","Nicholas pistolesi","","","","NY","","Tompkins","Southern Tier","Adult-Use Cultivation","Women-Owned Business","Active","2024-03-07T00:00:00.000","2028-03-07T00:00:00.000"
"Hemp at Action Acres LLC","","OCM-CULT-24-000016","Adult-Use Cultivator License","Active","Courtney Carlton","","","","NY","","Washington","Capital District","Adult-Use Cultivation","Distressed Farmer, Women-Owned Business","Active","2024-03-12T00:00:00.000","2028-03-12T00:00:00.000"
"Emerald City NY, LLC","Green Spectrums","OCM-CULT-24-000017","Adult-Use Cultivator License","Active","Michael Fertucci","","","","NY","","Dutchess","Mid-Hudson","Adult-Use Cultivation","","Active","2024-05-22T00:00:00.000","2026-05-22T00:00:00.000"
"Glenna & Co. LLC","","OCM-CULT-24-000018","Adult-Use Cultivator License","Active","Glenna Colaprete","","","","NY","","Monroe","Finger Lakes","Adult-Use Cultivation","","Active","2024-04-11T00:00:00.000","2026-04-11T00:00:00.000"
"Outcast Acres LLC","","OCM-CULT-24-000019","Adult-Use Cultivator License","Active","Christopher George","","","","NY","","Washington","Capital District","Adult-Use Cultivation","Service-Disabled Veteran-Owned Business","Active","2024-05-10T00:00:00.000","2026-05-10T00:00:00.000"
"Descript LLC","","OCM-CULT-24-000020","Adult-Use Cultivator License","Active","Brianna Delgado","","","","NY","","Allegany","Western NY","Adult-Use Cultivation","","Active","2024-05-13T00:00:00.000","2026-05-13T00:00:00.000"
"Cornucopia Growers LLC","","OCM-CULT-24-000021","Adult-Use Cultivator License","Active","Wanda DelVillar","","","","NY","","Schoharie","Mohawk Valley","Adult-Use Cultivation","Women-Owned Business","Active","2024-04-11T00:00:00.000","2026-04-11T00:00:00.000"
"Central Processors NY, LLC","","OCM-CULT-24-000022","Adult-Use Cultivator License","Active","John Vavalo","","","","NY","","Onondaga","Central NY","Adult-Use Cultivation","","Active","2024-04-11T00:00:00.000","2026-04-11T00:00:00.000"
"Cherry Valley Growers, Inc","","OCM-CULT-24-000023","Adult-Use Cultivator License","Active","Joseph Passalaqua","","","","NY","","Otsego","Mohawk Valley","Adult-Use Cultivation","","Active","2024-04-11T00:00:00.000","2026-04-11T00:00:00.000"
"Cherry Valley Growers, Inc","","OCM-CULT-24-000023","Adult-Use Cultivator License","Active","Joseph Passalaqua","","","","NY","","Otsego","Mohawk Valley","Adult-Use Cultivation","","Active","2024-04-11T00:00:00.000","2026-04-11T00:00:00.000"
"Raga Growers, LLC","","OCM-CULT-24-000024","Adult-Use Cultivator License","Active","Gary Glowaczewski","","","","NY","","Orange","Mid-Hudson","Adult-Use Cultivation","","Active","2024-05-13T00:00:00.000","2026-05-13T00:00:00.000"
"Justin A Capoccia","Kickfly's","OCM-CULT-24-000025","Adult-Use Cultivator License","Active","Justin Capoccia","","","","NY","","Orange","Mid-Hudson","Adult-Use Cultivation","","Active","2024-05-10T00:00:00.000","2026-05-10T00:00:00.000"
"Justin A Capoccia","Kickfly's","OCM-CULT-24-000025","Adult-Use Cultivator License","Active","Justin Capoccia","","","","NY","","Orange","Mid-Hudson","Adult-Use Cultivation","","Active","2024-05-10T00:00:00.000","2026-05-10T00:00:00.000"
"Earthborn Garden LLC","","OCM-CULT-24-000026","Adult-Use Cultivator License","Active","Anne Banks","","","","NY","","Columbia","Capital District","Adult-Use Cultivation","Women-Owned Business, Distressed Farmer","Active","2024-05-13T00:00:00.000","2026-05-13T00:00:00.000"
"Earthborn Garden LLC","","OCM-CULT-24-000026","Adult-Use Cultivator License","Active","Anne Banks","","","","NY","","Ulster","Mid-Hudson","Adult-Use Cultivation","Women-Owned Business, Distressed Farmer","Active","2024-05-13T00:00:00.000","2026-05-13T00:00:00.000"
"Earthborn Garden LLC","","OCM-CULT-24-000026","Adult-Use Cultivator License","Active","Anne Banks","","","","NY","","Ulster","Mid-Hudson","Adult-Use Cultivation","Women-Owned Business, Distressed Farmer","Non-Operational","2024-05-13T00:00:00.000","2026-05-13T00:00:00.000"
"Earthborn Garden LLC","","OCM-CULT-24-000026","Adult-Use Cultivator License","Active","Anne Banks","","","","NY","","Columbia","Capital District","Adult-Use Cultivation","Women-Owned Business, Distressed Farmer","Active","2024-05-13T00:00:00.000","2026-05-13T00:00:00.000"
"Trinity Acres Farm, LLC","","OCM-CULT-24-000027","Adult-Use Cultivator License","Active","Valerie Mendola","","","","NY","","Chenango","Southern Tier","Adult-Use Cultivation","Women-Owned Business","Active","2024-04-11T00:00:00.000","2026-04-11T00:00:00.000"
"Saratoga Hemp Farms LLC","","OCM-CULT-24-000028","Adult-Use Cultivator License","Active","Nathaniel Vincek","","","","NY","","Washington","Capital District","Adult-Use Cultivation","","Active","2024-05-13T00:00:00.000","2026-05-13T00:00:00.000"
"Saratoga Hemp Farms LLC","","OCM-CULT-24-000028","Adult-Use Cultivator License","Active","Nathaniel Vincek","","","","NY","","Saratoga","Capital District","Adult-Use Cultivation","","Active","2024-05-13T00:00:00.000","2026-05-13T00:00:00.000"
"Sebastiano Bulfamante","","OCM-CULT-24-000029","Adult-Use Cultivator License","Active","Sebastiano Bulfamante","","","","NY","","Suffolk","Long Island","Adult-Use Cultivation","","Active","2024-05-13T00:00:00.000","2026-05-13T00:00:00.000"
"Sebastiano Bulfamante","","OCM-CULT-24-000029","Adult-Use Cultivator License","Active","Sebastiano Bulfamante","","","","NY","","Ulster","Mid-Hudson","Adult-Use Cultivation","","Active","2024-05-13T00:00:00.000","2026-05-13T00:00:00.000"
"Four Winds Terracult, LLC","","OCM-CULT-24-000030","Adult-Use Cultivator License","Active","Bradley Mills","","","","NY","","Genesee","Finger Lakes","Adult-Use Cultivation","","Active","2024-05-13T00:00:00.000","2026-05-13T00:00:00.000"
"Karin H Dahlander","Hillberry","OCM-CULT-24-000031","Adult-Use Cultivator License","Cancelled","Karin Dahlander","","","","NY","","Tioga","Southern Tier","Adult-Use Cultivation","","Non-Operational","2024-04-11T00:00:00.000","2026-04-11T00:00:00.000"
"VLSNY-C LLC","","OCM-CULT-24-000032","Adult-Use Cultivator License","Active","Chris Mayle","","","","NY","","Orange","Mid-Hudson","Adult-Use Cultivation","","Active","2024-03-25T00:00:00.000","2026-03-25T00:00:00.000"
"marissa hemp acres inc","","OCM-CULT-24-000033","Adult-Use Cultivator License","Active","Richard DePalma","","","","NY","","Sullivan","Mid-Hudson","Adult-Use Cultivation","","Active","2024-04-11T00:00:00.000","2026-04-11T00:00:00.000"
"American Weed LLC","","OCM-CULT-24-000034","Adult-Use Cultivator License","Active","David Quinn","","","","NY","","Tompkins","Southern Tier","Adult-Use Cultivation","Distressed Farmer","Active","2024-05-13T00:00:00.000","2026-05-13T00:00:00.000"
"American Weed LLC","","OCM-CULT-24-000034","Adult-Use Cultivator License","Active","David Quinn","","","","NY","","Cayuga","Central NY","Adult-Use Cultivation","Distressed Farmer","Active","2024-05-13T00:00:00.000","2026-05-13T00:00:00.000"
"High End Grows, LLC","","OCM-CULT-24-000035","Adult-Use Cultivator License","Active","Jeffrey Luciano","","","","NY","","Tompkins","Southern Tier","Adult-Use Cultivation","","Active","2024-04-11T00:00:00.000","2026-04-11T00:00:00.000"
"High End Grows, LLC","","OCM-CULT-24-000035","Adult-Use Cultivator License","Active","Jeffrey Luciano","","","","NY","","Tioga","Southern Tier","Adult-Use Cultivation","","Active","2024-04-11T00:00:00.000","2026-04-11T00:00:00.000"
"High End Grows, LLC","","OCM-CULT-24-000035","Adult-Use Cultivator License","Active","Jeffrey Luciano","","","","NY","","Tioga","Southern Tier","Adult-Use Cultivation","","Active","2024-04-11T00:00:00.000","2026-04-11T00:00:00.000"
"Unhinged hemp farm","","OCM-CULT-24-000036","Adult-Use Cultivator License","Active","William Allen","","","","NY","","Oswego","Central NY","Adult-Use Cultivation","","Active","2024-04-11T00:00:00.000","2026-04-11T00:00:00.000"
"Westkill Bend Inc","Blackbird Gardens","OCM-CULT-24-000037","Adult-Use Cultivator License","Active","Derek Montana","","","","NY","","Schoharie","Mohawk Valley","Adult-Use Cultivation","","Active","2024-05-15T00:00:00.000","2026-05-15T00:00:00.000"
"Phil Spinelli Farrier Service LLC","Nightshade Farm","OCM-CULT-24-000038","Adult-Use Cultivator License","Active","Philip Spinelli","","","","NY","","Albany","Capital District","Adult-Use Cultivation","","Active","2024-02-20T00:00:00.000","2028-02-20T00:00:00.000"
"Birdsong Hemp Company LLC","Birdsong Hemp Company","OCM-CULT-24-000039","Adult-Use Cultivator License","Active","Potter Polk","","","","NY","","Delaware","Southern Tier","Adult-Use Cultivation","","Active","2024-05-10T00:00:00.000","2026-05-10T00:00:00.000"
"Birdsong Hemp Company LLC","","OCM-CULT-24-000039","Adult-Use Cultivator License","Active","Potter Polk","","","","NY","","Orange","Mid-Hudson","Adult-Use Cultivation","","Active","2024-05-10T00:00:00.000","2026-05-10T00:00:00.000"
"pioneer plant tech","","OCM-CULT-24-000040","Adult-Use Cultivator License","Active","James Knuth","","","","NY","","Oneida","Mohawk Valley","Adult-Use Cultivation","","Active","2024-04-12T00:00:00.000","2026-04-12T00:00:00.000"
"New York Seed Laboratory LLC","NY Seed Laboratory","OCM-CULT-24-000041","Adult-Use Cultivator License","Active","Daniel Casacci","","","","NY","","Erie","Western NY","Adult-Use Cultivation","","Active","2024-04-12T00:00:00.000","2028-04-12T00:00:00.000"
"Brian F Conlon","","OCM-CULT-24-000042","Adult-Use Cultivator License","Active","Brian Conlon","","","","NY","","Schenectady","Capital District","Adult-Use Cultivation","","Active","2024-05-10T00:00:00.000","2026-05-10T00:00:00.000"
"Gen V Growers, LLC","","OCM-CULT-24-000043","Adult-Use Cultivator License","Active","Jacqueline Coudriet","","","","NY","","Onondaga","Central NY","Adult-Use Cultivation","","Active","2024-05-10T00:00:00.000","2026-05-10T00:00:00.000"
"Blackberry Falls Farm","","OCM-CULT-24-000044","Adult-Use Cultivator License","Active","Bradley McWhorter","","","","NY","","Washington","Capital District","Adult-Use Cultivation","","Active","2024-03-25T00:00:00.000","2028-03-25T00:00:00.000"
"CM Spencer Farms LLC","","OCM-CULT-24-000045","Adult-Use Cultivator License","Active","Kirk Mandeville","","","","NY","","Tioga","Southern Tier","Adult-Use Cultivation","","Active","2024-03-25T00:00:00.000","2026-03-25T00:00:00.000"
"Skeeterborofarms LLC","","OCM-CULT-24-000046","Adult-Use Cultivator License","Active","Rex Mazur","","","","NY","","Oneida","Mohawk Valley","Adult-Use Cultivation","Distressed Farmer","Active","2024-03-25T00:00:00.000","2028-03-25T00:00:00.000"
"Skeeterborofarms LLC","","OCM-CULT-24-000046","Adult-Use Cultivator License","Active","Rex Mazur","","","","NY","","Oneida","Mohawk Valley","Adult-Use Cultivation","Distressed Farmer","Active","2024-03-25T00:00:00.000","2028-03-25T00:00:00.000"
"MDCAPMD LLC","Patriot Farms","OCM-CULT-24-000047","Adult-Use Cultivator License","Active","Matthew Capuano","","","","NY","","Monroe","Finger Lakes","Adult-Use Cultivation","Service-Disabled Veteran-Owned Business","Active","2024-05-10T00:00:00.000","2026-05-10T00:00:00.000"
"Main Street Farms 2 LLC","","OCM-CULT-24-000048","Adult-Use Cultivator License","Active","Allan Gandelman","","","","NY","","Cortland","Central NY","Adult-Use Cultivation","","Active","2024-02-20T00:00:00.000","2026-02-20T00:00:00.000"
"Main Street Farms 2 LLC","","OCM-CULT-24-000048","Adult-Use Cultivator License","Active","Allan Gandelman","","","","NY","","Cortland","Central NY","Adult-Use Cultivation","","Active","2024-02-20T00:00:00.000","2026-02-20T00:00:00.000"
"Main Street Farms 2 LLC","","OCM-CULT-24-000048","Adult-Use Cultivator License","Active","Allan Gandelman","","","","NY","","Cortland","Central NY","Adult-Use Cultivation","","Active","2024-02-20T00:00:00.000","2026-02-20T00:00:00.000"
"Shawn Burke","Elev8 Organix","OCM-CULT-24-000049","Adult-Use Cultivator License","Active","Shawn Burke","","","","NY","","Tompkins","Southern Tier","Adult-Use Cultivation","Distressed Farmer","Active","2024-02-20T00:00:00.000","2026-02-20T00:00:00.000"
"Pine Rose 420 LLC","","OCM-CULT-24-000050","Adult-Use Cultivator License","Active","Leslie Rosemann","","","","NY","","Tompkins","Southern Tier","Adult-Use Cultivation","Women-Owned Business","Active","2024-02-20T00:00:00.000","2028-02-20T00:00:00.000"
"Hempire Inc.","Empire Farm 1830","OCM-CULT-24-000051","Adult-Use Cultivator License","Active","Tessa Edick","","","","NY","","Columbia","Capital District","Adult-Use Cultivation","Women-Owned Business","Active","2024-02-20T00:00:00.000","2026-02-20T00:00:00.000"
"Bristol Extracts LLC","","OCM-CULT-24-000052","Adult-Use Cultivator License","Active","Eric Blazak","","","","NY","","Ontario","Finger Lakes","Adult-Use Cultivation","","Active","2024-04-12T00:00:00.000","2026-04-12T00:00:00.000"
"Empire Agricultural Services, LLC","","OCM-CULT-24-000053","Adult-Use Cultivator License","Active","Frank Mahns","","","","NY","","Ontario","Finger Lakes","Adult-Use Cultivation","","Active","2024-04-12T00:00:00.000","2026-04-12T00:00:00.000"
"HV Ag Corporation","Snapple Warehouse","OCM-CULT-24-000054","Adult-Use Cultivator License","Active","Richard Weissman","","","","NY","","Ulster","Mid-Hudson","Adult-Use Cultivation","","Active","2024-03-25T00:00:00.000","2026-03-25T00:00:00.000"
"HV Ag Corporation","Domino Farms","OCM-CULT-24-000054","Adult-Use Cultivator License","Active","Richard Weissman","","","","NY","","Ulster","Mid-Hudson","Adult-Use Cultivation","","Active","2024-03-25T00:00:00.000","2026-03-25T00:00:00.000"
"Gage Farms LLC","Gage Farms","OCM-CULT-24-000055","Adult-Use Cultivator License","Active","Elizabeth Gage","","","","NY","","Yates","Finger Lakes","Adult-Use Cultivation","Women-Owned Business","Active","2024-04-12T00:00:00.000","2026-04-12T00:00:00.000"
"Gage Farms LLC","Gage Farms","OCM-CULT-24-000055","Adult-Use Cultivator License","Active","Elizabeth Gage","","","","NY","","Yates","Finger Lakes","Adult-Use Cultivation","Women-Owned Business","Active","2024-04-12T00:00:00.000","2026-04-12T00:00:00.000"
"Black Dirt Cannabis Company LLC","","OCM-CULT-24-000056","Adult-Use Cultivator License","Active","Michael White","","","","NY","","Orange","Mid-Hudson","Adult-Use Cultivation","","Active","2024-05-10T00:00:00.000","2026-05-10T00:00:00.000"
"Black Dirt Cannabis Company LLC","","OCM-CULT-24-000056","Adult-Use Cultivator License","Active","Michael White","","","","NY","","Orange","Mid-Hudson","Adult-Use Cultivation","","Active","2024-05-10T00:00:00.000","2026-05-10T00:00:00.000"
"Chickidoo LLC","Chickidoo Hempstead","OCM-CULT-24-000057","Adult-Use Cultivator License","Active","Arthur Brownsey","","","","NY","","Orange","Mid-Hudson","Adult-Use Cultivation","","Active","2024-02-20T00:00:00.000","2028-02-20T00:00:00.000"
"ReliefLeaf LLC","Heady Tree","OCM-CULT-24-000058","Adult-Use Cultivator License","Active","David Nesheiwat","","","","NY","","Schenectady","Capital District","Adult-Use Cultivation","","Active","2024-03-25T00:00:00.000","2028-03-25T00:00:00.000"
"Kennedys herbal solution","","OCM-CULT-24-000059","Adult-Use Cultivator License","Active","David Kennedy","","","","NY","","Washington","Capital District","Adult-Use Cultivation","","Non-Operational","2024-03-25T00:00:00.000","2026-03-25T00:00:00.000"
"Kennedys herbal solution","","OCM-CULT-24-000059","Adult-Use Cultivator License","Active","David Kennedy","","","","NY","","Washington","Capital District","Adult-Use Cultivation","","Active","2024-03-25T00:00:00.000","2026-03-25T00:00:00.000"
"1821 Hemp LLC","","OCM-CULT-24-000060","Adult-Use Cultivator License","Active","Todd Town","","","","NY","","Cortland","Central NY","Adult-Use Cultivation","","Active","2024-05-10T00:00:00.000","2026-05-10T00:00:00.000"
"Tadt Services LLC","","OCM-CULT-24-000061","Adult-Use Cultivator License","Active","Alexander Tadt","","","","NY","","Chautauqua","Western NY","Adult-Use Cultivation","","Active","2024-04-12T00:00:00.000","2026-04-12T00:00:00.000"
"Tadt Services LLC","Terpene Alchemy","OCM-CULT-24-000061","Adult-Use Cultivator License","Active","Alexander Tadt","","","","NY","","Chautauqua","Western NY","Adult-Use Cultivation","","Active","2024-04-12T00:00:00.000","2026-04-12T00:00:00.000"
"Tadt Services LLC","","OCM-CULT-24-000061","Adult-Use Cultivator License","Active","Alexander Tadt","","","","NY","","Tompkins","Southern Tier","Adult-Use Cultivation","","Active","2024-04-12T00:00:00.000","2026-04-12T00:00:00.000"
"Kingston Reserve LLC","","OCM-CULT-24-000062","Adult-Use Cultivator License","Active","Kenneth Migliorelli","","","","NY","","Dutchess","Mid-Hudson","Adult-Use Cultivation","","Active","2024-03-25T00:00:00.000","2028-03-25T00:00:00.000"
"Bridgehampton Loam, LLC","","OCM-CULT-24-000063","Adult-Use Cultivator License","Active","David Falkowski","","","","NY","","Suffolk","Long Island","Adult-Use Cultivation","","Active","2024-03-25T00:00:00.000","2026-03-25T00:00:00.000"
"ROUTE 27 HOPYARD LLC","","OCM-CULT-24-000064","Adult-Use Cultivator License","Active","RYAN ANDOOS","","","","NY","","Suffolk","Long Island","Adult-Use Cultivation","","Active","2024-02-20T00:00:00.000","2026-02-20T00:00:00.000"
"ROUTE 27 HOPYARD LLC","","OCM-CULT-24-000064","Adult-Use Cultivator License","Active","RYAN ANDOOS","","","","NY","","Suffolk","Long Island","Adult-Use Cultivation","","Active","2024-02-20T00:00:00.000","2026-02-20T00:00:00.000"
"Close Farm Ventures, LLC","","OCM-CULT-24-000065","Adult-Use Cultivator License","Active","william Close","","","","NY","","Fulton","Mohawk Valley","Adult-Use Cultivation","","Active","2024-04-12T00:00:00.000","2026-04-12T00:00:00.000"
"Great Lakes Canopy, LLC","","OCM-CULT-24-000066","Adult-Use Cultivator License","Active","Jeramy Bernardoni","","","","NY","","Genesee","Finger Lakes","Adult-Use Cultivation","Distressed Farmer","Active","2024-03-25T00:00:00.000","2028-03-25T00:00:00.000"
"La Dolce Vita Farm Inc.","","OCM-CULT-24-000067","Adult-Use Cultivator License","Active","Anthony Pizzella","","","","NY","","Dutchess","Mid-Hudson","Adult-Use Cultivation","Women-Owned Business","Active","2024-05-10T00:00:00.000","2026-05-10T00:00:00.000"
"Windy Hills Farms of Dutchess, LLC","","OCM-CULT-24-000068","Adult-Use Cultivator License","Active","Richard Conniff","","","","NY","","Dutchess","Mid-Hudson","Adult-Use Cultivation","Women-Owned Business","Active","2024-04-12T00:00:00.000","2026-04-12T00:00:00.000"
"Ahava Farms LLC","","OCM-CULT-24-000069","Adult-Use Cultivator License","Active","Moshe Borodkin","","","","NY","","Chenango","Southern Tier","Adult-Use Cultivation","","Active","2024-05-10T00:00:00.000","2026-05-10T00:00:00.000"
"Ahava Farms LLC","","OCM-CULT-24-000069","Adult-Use Cultivator License","Active","Moshe Borodkin","","","","NY","","Clinton","North Country","Adult-Use Cultivation","","Active","2024-05-10T00:00:00.000","2026-05-10T00:00:00.000"
"Slack Hollow Organics LLC","","OCM-CULT-24-000070","Adult-Use Cultivator License","Active","Martha Johnson","","","","NY","","Washington","Capital District","Adult-Use Cultivation","Women-Owned Business","Active","2024-02-20T00:00:00.000","2028-02-20T00:00:00.000"
"Woodstock Organic, LLC","","OCM-CULT-24-000071","Adult-Use Cultivator License","Active","Mahlon Clements","","","","NY","","Dutchess","Mid-Hudson","Adult-Use Cultivation","","Active","2024-03-25T00:00:00.000","2026-03-25T00:00:00.000"
"MDI Properties LLC","","OCM-CULT-24-000072","Adult-Use Cultivator License","Active","Michael Maione","","","","NY","","Tompkins","Southern Tier","Adult-Use Cultivation","","Active","2024-04-12T00:00:00.000","2026-04-12T00:00:00.000"
"MDI Properties LLC","","OCM-CULT-24-000072","Adult-Use Cultivator License","Active","Michael Maione","","","","NY","","Broome","Southern Tier","Adult-Use Cultivation","","Active","2024-04-12T00:00:00.000","2026-04-12T00:00:00.000"
"Lance De Ratafia","Green Mountain Organics","OCM-CULT-24-000073","Adult-Use Cultivator License","Active","Lance De Ratafia","","","","NY","","Columbia","Capital District","Adult-Use Cultivation","","Active","2024-03-25T00:00:00.000","2026-03-25T00:00:00.000"
"JRS Naturals","","OCM-CULT-24-000074","Adult-Use Cultivator License","Active","Hannah Karcheski","","","","NY","","Dutchess","Mid-Hudson","Adult-Use Cultivation","","Active","2024-04-12T00:00:00.000","2026-04-12T00:00:00.000"
"JRS Naturals","","OCM-CULT-24-000074","Adult-Use Cultivator License","Active","Hannah Karcheski","","","","NY","","Dutchess","Mid-Hudson","Adult-Use Cultivation","","Active","2024-04-12T00:00:00.000","2026-04-12T00:00:00.000"
"Pre Emption Road Farms LLC","","OCM-CULT-24-000075","Adult-Use Cultivator License","Active","Ralph Poole","","","","NY","","Ontario","Finger Lakes","Adult-Use Cultivation","","Active","2024-04-12T00:00:00.000","2026-04-12T00:00:00.000"
"Donald Spoth farm","","OCM-CULT-24-000076","Adult-Use Cultivator License","Active","Daniel Spoth","","","","NY","","Erie","Western NY","Adult-Use Cultivation","","Active","2024-04-12T00:00:00.000","2026-04-12T00:00:00.000"
"County Line Ventures, LLC","","OCM-CULT-24-000077","Adult-Use Cultivator License","Active","Charles Colaruotolo","","","","NY","","Columbia","Capital District","Adult-Use Cultivation","","Active","2024-05-10T00:00:00.000","2026-05-10T00:00:00.000"
"Big Sky Ranch Holdings LLC","","OCM-CULT-24-000078","Adult-Use Cultivator License","Active","TOM AYRES","","","","NY","","Suffolk","Long Island","Adult-Use Cultivation","Women-Owned Business","Active","2024-05-13T00:00:00.000","2026-05-13T00:00:00.000"
"ZIZ NY GRW LLC","","OCM-CULT-24-000079","Adult-Use Cultivator License","Active","Zion Foss","","","","NY","","Sullivan","Mid-Hudson","Adult-Use Cultivation","","Active","2024-04-12T00:00:00.000","2026-04-12T00:00:00.000"
"ZIZ NY GRW LLC","","OCM-CULT-24-000079","Adult-Use Cultivator License","Active","Zion Foss","","","","NY","","Kings","Brooklyn","Adult-Use Cultivation","","Active","2024-04-12T00:00:00.000","2026-04-12T00:00:00.000"
"AMERICAN SEED AND OIL NY LLC","","OCM-CULT-24-000080","Adult-Use Cultivator License","Active","John Hopf","","","","NY","","Orange","Mid-Hudson","Adult-Use Cultivation","Women-Owned Business","Active","2024-03-25T00:00:00.000","2026-03-25T00:00:00.000"
"CannafarmsNY LLC","","OCM-CULT-24-000081","Adult-Use Cultivator License","Active","James Doherty","","","","NY","","Erie","Western NY","Adult-Use Cultivation","Women-Owned Business","Active","2024-05-31T00:00:00.000","2026-05-31T00:00:00.000"
"Tricolla Gardens LLC","Tricolla Farms","OCM-CULT-24-000082","Adult-Use Cultivator License","Active","Erik Carbone","","","","NY","","Cortland","Central NY","Adult-Use Cultivation","Women-Owned Business","Active","2024-05-10T00:00:00.000","2026-05-10T00:00:00.000"
"Claverack Farm LLC","Claverack Creek Farm","OCM-CULT-24-000083","Adult-Use Cultivator License","Active","Sophia Mokotoff","","","","NY","","Columbia","Capital District","Adult-Use Cultivation","Women-Owned Business, Minority-Owned Business","Active","2024-05-13T00:00:00.000","2026-05-13T00:00:00.000"
"Homestead Hemp 1787 LLC","","OCM-CULT-24-000084","Adult-Use Cultivator License","Active","Rebecca Rogers","","","","NY","","Washington","Capital District","Adult-Use Cultivation","Women-Owned Business, Distressed Farmer","Active","2024-04-12T00:00:00.000","2026-04-12T00:00:00.000"
"Miss Perry Farms LLC","","OCM-CULT-24-000085","Adult-Use Cultivator License","Active","Maria Perry","","","","NY","","Oneida","Mohawk Valley","Adult-Use Cultivation","Minority-Owned Business, Women-Owned Business","Active","2024-05-13T00:00:00.000","2026-05-13T00:00:00.000"
"Stalliongrow, LLC","","OCM-CULT-24-000086","Adult-Use Cultivator License","Active","Keith Dalessio","","","","NY","","Queens","Queens","Adult-Use Cultivation","Individuals from a community disproportionately impacted by the enforcement of cannabis prohibition","Active","2024-06-10T00:00:00.000","2026-06-10T00:00:00.000"
"James E Ryan","","OCM-CULT-24-000087","Adult-Use Cultivator License","Active","James Ryan","","","","NY","","Wayne","Finger Lakes","Adult-Use Cultivation","Distressed Farmer","Active","2024-06-10T00:00:00.000","2026-06-10T00:00:00.000"
"James E Ryan","Ryan Farms","OCM-CULT-24-000087","Adult-Use Cultivator License","Active","James Ryan","","","","NY","","Wayne","Finger Lakes","Adult-Use Cultivation","Distressed Farmer","Active","2024-06-10T00:00:00.000","2026-06-10T00:00:00.000"
"DUN WORKIN NY LLC","Dun Workin","OCM-CULT-24-000088","Adult-Use Cultivator License","Active","William Fabb","","","","NY","","Suffolk","Long Island","Adult-Use Cultivation","","Active","2024-06-11T00:00:00.000","2026-06-11T00:00:00.000"
"Wessels Farms Inc.","","OCM-CULT-24-000089","Adult-Use Cultivator License","Active","Susan Petak","","","","NY","","Orange","Mid-Hudson","Adult-Use Cultivation","","Active","2024-06-11T00:00:00.000","2026-06-11T00:00:00.000"
"Wessels Farms Inc.","","OCM-CULT-24-000089","Adult-Use Cultivator License","Active","Susan Petak","","","","NY","","Orange","Mid-Hudson","Adult-Use Cultivation","","Active","2024-06-11T00:00:00.000","2026-06-11T00:00:00.000"
"Brabstown LLC","","OCM-CULT-24-000090","Adult-Use Cultivator License","Active","Alan Ochs","","","","NY","","Niagara","Western NY","Adult-Use Cultivation","","Active","2024-06-11T00:00:00.000","2026-06-11T00:00:00.000"
"Halton Hay Inc","Real Life Botanicals","OCM-CULT-24-000091","Adult-Use Cultivator License","Active","Stephen Halton","","","","NY","","Madison","Central NY","Adult-Use Cultivation","Distressed Farmer","Active","2024-06-11T00:00:00.000","2026-06-11T00:00:00.000"
"Spadafarm LLC","","OCM-CULT-24-000092","Adult-Use Cultivator License","Active","Paul Spadafora","","","","NY","","Dutchess","Mid-Hudson","Adult-Use Cultivation","Service-Disabled Veteran-Owned Business","Active","2024-06-11T00:00:00.000","2026-06-11T00:00:00.000"
"Spadafarm LLC","","OCM-CULT-24-000092","Adult-Use Cultivator License","Active","Paul Spadafora","","","","NY","","Dutchess","Mid-Hudson","Adult-Use Cultivation","Service-Disabled Veteran-Owned Business","Active","2024-06-11T00:00:00.000","2026-06-11T00:00:00.000"
"Spadafarm LLC","","OCM-CULT-24-000092","Adult-Use Cultivator License","Active","Paul Spadafora","","","","NY","","Orange","Mid-Hudson","Adult-Use Cultivation","Service-Disabled Veteran-Owned Business","Active","2024-06-11T00:00:00.000","2026-06-11T00:00:00.000"
"Hyde Flower, LLC","","OCM-CULT-24-000093","Adult-Use Cultivator License","Active","Amar'e Stoudemire","","","","NY","","Dutchess","Mid-Hudson","Adult-Use Cultivation","","Active","2024-06-11T00:00:00.000","2026-06-11T00:00:00.000"
"Brian V Klug","North Forty Flower Farm","OCM-CULT-24-000094","Adult-Use Cultivator License","Active","Brian Klug","","","","NY","","Suffolk","Long Island","Adult-Use Cultivation","","Active","2024-06-11T00:00:00.000","2026-06-11T00:00:00.000"
"George Sheldrake","Inlet Valley Farms","OCM-CULT-24-000095","Adult-Use Cultivator License","Active","George Sheldrake","","","","NY","","Tompkins","Southern Tier","Adult-Use Cultivation","","Active","2024-06-11T00:00:00.000","2026-06-11T00:00:00.000"
"Humble Hill Farm LLC","","OCM-CULT-24-000096","Adult-Use Cultivator License","Active","Richard Tarantelli","","","","NY","","Tioga","Southern Tier","Adult-Use Cultivation","","Active","2024-06-11T00:00:00.000","2026-06-11T00:00:00.000"
"Humble Hill Farm LLC","","OCM-CULT-24-000096","Adult-Use Cultivator License","Active","Richard Tarantelli","","","","NY","","Seneca","Finger Lakes","Adult-Use Cultivation","","Non-Operational","2024-06-11T00:00:00.000","2026-06-11T00:00:00.000"
"Humble Hill Farm LLC","","OCM-CULT-24-000096","Adult-Use Cultivator License","Active","Richard Tarantelli","","","","NY","","Albany","Capital District","Adult-Use Cultivation","","Active","2024-06-11T00:00:00.000","2026-06-11T00:00:00.000"
"Richard B Kingsley LLC","","OCM-CULT-24-000097","Adult-Use Cultivator License","Active","Richard Kingsley","","","","NY","","Washington","Capital District","Adult-Use Cultivation","Distressed Farmer","Active","2024-06-11T00:00:00.000","2026-06-11T00:00:00.000"
"Tropical Nectar LLC","","OCM-CULT-24-000098","Adult-Use Cultivator License","Active","Edmond Shabo","","","","NY","","Suffolk","Long Island","Adult-Use Cultivation","Minority-Owned Business","Active","2024-06-11T00:00:00.000","2026-06-11T00:00:00.000"
"Honest Pharmco, Inc","","OCM-CULT-24-000099","Adult-Use Cultivator License","Active","Jeremy Jimenez","","","","NY","","Wayne","Finger Lakes","Adult-Use Cultivation","Minority-Owned Business","Active","2024-06-11T00:00:00.000","2026-06-11T00:00:00.000"
"Honest Pharmco, Inc","","OCM-CULT-24-000099","Adult-Use Cultivator License","Active","Jeremy Jimenez","","","","NY","","Wayne","Finger Lakes","Adult-Use Cultivation","Minority-Owned Business","Active","2024-06-11T00:00:00.000","2026-06-11T00:00:00.000"
"Loving Buds LLC","Juniper Jill Cannabis Company","OCM-CULT-24-000100","Adult-Use Cultivator License","Active","Jenny Scarpulla","","","","NY","","Rensselaer","Capital District","Adult-Use Cultivation","","Active","2024-06-11T00:00:00.000","2026-06-11T00:00:00.000"
"Loving Buds LLC","Juniper Jill Cannabis Company","OCM-CULT-24-000100","Adult-Use Cultivator License","Active","Jenny Scarpulla","","","","NY","","Rensselaer","Capital District","Adult-Use Cultivation","","Active","2024-06-11T00:00:00.000","2026-06-11T00:00:00.000"
"Golden Log, LLC","","OCM-CULT-24-000101","Adult-Use Cultivator License","Active","Erin Affa","","","","NY","","Suffolk","Long Island","Adult-Use Cultivation","Women-Owned Business","Active","2024-06-12T00:00:00.000","2026-06-12T00:00:00.000"
"5 Getby LLC","","OCM-CULT-24-000102","Adult-Use Cultivator License","Active","Paulette Davis","","","","NY","","Suffolk","Long Island","Adult-Use Cultivation","Women-Owned Business","Active","2024-06-12T00:00:00.000","2026-06-12T00:00:00.000"
"HAIYAN PANG","Sky High Supply","OCM-CULT-24-000103","Adult-Use Cultivator License","Active","HAIYAN PANG","","","","NY","","Allegany","Western NY","Adult-Use Cultivation","Minority-Owned Business, Women-Owned Business","Active","2024-06-12T00:00:00.000","2026-06-12T00:00:00.000"
"Greener Standards Inc.","","OCM-CULT-24-000104","Adult-Use Cultivator License","Active","Walter Samselski","","","","NY","","Chenango","Southern Tier","Adult-Use Cultivation","","Active","2024-06-12T00:00:00.000","2026-06-12T00:00:00.000"
"Mitten Rock Farm LLC","","OCM-CULT-24-000105","Adult-Use Cultivator License","Active","Drew Olsen","","","","NY","","Dutchess","Mid-Hudson","Adult-Use Cultivation","Distressed Farmer","Active","2024-06-17T00:00:00.000","2026-06-17T00:00:00.000"
"CANNA UNLIMITED LLC","","OCM-CULT-24-000106","Adult-Use Cultivator License","Active","MOHAMED ASBTANI","","","","NY","","Allegany","Western NY","Adult-Use Cultivation","Minority-Owned Business, Women-Owned Business","Active","2024-06-17T00:00:00.000","2026-06-17T00:00:00.000"
"GOOD ROOTS NY LLC","","OCM-CULT-24-000107","Adult-Use Cultivator License","Active","Ryan Wieder","","","","NY","","Chemung","Southern Tier","Adult-Use Cultivation","","Active","2024-06-17T00:00:00.000","2026-06-17T00:00:00.000"
"HDR Plumbing LLC","","OCM-CULT-24-000108","Adult-Use Cultivator License","Active","Hector Rivera","","","","NY","","Oneida","Mohawk Valley","Adult-Use Cultivation","Minority-Owned Business","Active","2024-06-21T00:00:00.000","2026-06-21T00:00:00.000"
"LATENITEZ LLC","","OCM-CULT-24-000109","Adult-Use Cultivator License","Active","Edwin Pagan","","","","NY","","Ulster","Mid-Hudson","Adult-Use Cultivation","Individuals from a community disproportionately impacted by the enforcement of cannabis prohibition","Active","2024-06-24T00:00:00.000","2026-06-24T00:00:00.000"
"Sugarhouse Farms Limited Liability Company","","OCM-CULT-24-000110","Adult-Use Cultivator License","Active","Nicholas Polsinelli","","","","NY","","Otsego","Mohawk Valley","Adult-Use Cultivation","Distressed Farmer","Active","2024-06-11T00:00:00.000","2026-06-11T00:00:00.000"
"Sugarhouse Farms Limited Liability Company","","OCM-CULT-24-000110","Adult-Use Cultivator License","Active","Nicholas Polsinelli","","","","NY","","New York","Manhattan","Adult-Use Cultivation","Distressed Farmer","Active","2024-06-11T00:00:00.000","2026-06-11T00:00:00.000"
"Sugarhouse Farms Limited Liability Company","","OCM-CULT-24-000110","Adult-Use Cultivator License","Active","Nicholas Polsinelli","","","","NY","","Otsego","Mohawk Valley","Adult-Use Cultivation","Distressed Farmer","Active","2024-06-11T00:00:00.000","2026-06-11T00:00:00.000"
"Flower City Cannabis LLC","","OCM-CULT-24-000111","Adult-Use Cultivator License","Active","Mackenzie Ulivas-Ohl","","","","NY","","Yates","Finger Lakes","Adult-Use Cultivation","Women-Owned Business","Active","2024-07-08T00:00:00.000","2026-07-08T00:00:00.000"
"Lifted NY Corp.","","OCM-CULT-24-000112","Adult-Use Cultivator License","Active","Ricki Rebeiro","","","","NY","","Tompkins","Southern Tier","Adult-Use Cultivation","","Active","2024-07-10T00:00:00.000","2026-07-10T00:00:00.000"
"Old Mud Creek Farm LLC","","OCM-CULT-24-000113","Adult-Use Cultivator License","Active","Brandon Curtin","","","","NY","","Columbia","Capital District","Adult-Use Cultivation","","Active","2024-07-10T00:00:00.000","2026-07-10T00:00:00.000"
"MegCare One, LLC","","OCM-CULT-24-000114","Adult-Use Cultivator License","Active","Thomas Hefferon","","","","NY","","St Lawrence","North Country","Adult-Use Cultivation","","Active","2024-07-10T00:00:00.000","2026-07-10T00:00:00.000"
"MegCare One, LLC","","OCM-CULT-24-000114","Adult-Use Cultivator License","Active","Thomas Hefferon","","","","NY","","Oswego","Central NY","Adult-Use Cultivation","","Active","2024-07-10T00:00:00.000","2026-07-10T00:00:00.000"
"Hemppire Farms LLC","","OCM-CULT-24-000115","Adult-Use Cultivator License","Active","Dave Breitman","","","","NY","","Tompkins","Southern Tier","Adult-Use Cultivation","","Active","2024-07-10T00:00:00.000","2026-07-10T00:00:00.000"
"Dennis D Van Wagenen","","OCM-CULT-24-000116","Adult-Use Cultivator License","Active","Dennis Van Wagenen","","","","NY","","Ulster","Mid-Hudson","Adult-Use Cultivation","","Active","2024-07-10T00:00:00.000","2026-07-10T00:00:00.000"
"Green Wells Venture LLC","Green Wells Farm","OCM-CULT-24-000117","Adult-Use Cultivator License","Active","Luis Delgado","","","","NY","","Allegany","Western NY","Adult-Use Cultivation","","Active","2024-07-10T00:00:00.000","2026-07-10T00:00:00.000"
"PASSION FIELD FARM LLC","","OCM-CULT-24-000118","Adult-Use Cultivator License","Active","Casey O'Brien","","","","NY","","Dutchess","Mid-Hudson","Adult-Use Cultivation","Women-Owned Business","Active","2024-07-10T00:00:00.000","2026-07-10T00:00:00.000"
"Nectara Ltd.","Skyrose","OCM-CULT-24-000119","Adult-Use Cultivator License","Active","Jennifer Hindes","","","","NY","","Columbia","Capital District","Adult-Use Cultivation","Women-Owned Business, Distressed Farmer","Active","2024-07-10T00:00:00.000","2026-07-10T00:00:00.000"
"A.Bulfamante Nursery Resources LLC","","OCM-CULT-24-000120","Adult-Use Cultivator License","Active","Anthony Bulfamante","","","","NY","","Ulster","Mid-Hudson","Adult-Use Cultivation","","Active","2024-07-10T00:00:00.000","2026-07-10T00:00:00.000"
"Monument Mountain Farms LLC","","OCM-CULT-24-000121","Adult-Use Cultivator License","Active","Floyd Bronson","","","","NY","","Broome","Southern Tier","Adult-Use Cultivation","","Active","2024-07-10T00:00:00.000","2026-07-10T00:00:00.000"
"The Hemptons LLC","","OCM-CULT-24-000122","Adult-Use Cultivator License","Active","Vanessa Villanova","","","","NY","","Columbia","Capital District","Adult-Use Cultivation","Women-Owned Business","Active","2024-07-10T00:00:00.000","2026-07-10T00:00:00.000"
"Akron Bloom LLC","","OCM-CULT-24-000123","Adult-Use Cultivator License","Active","Jason Abounader","","","","NY","","Tompkins","Southern Tier","Adult-Use Cultivation","Distressed Farmer","Active","2024-07-10T00:00:00.000","2026-07-10T00:00:00.000"
"Daniel C Mcpike","","OCM-CULT-24-000124","Adult-Use Cultivator License","Active","Jason Cruz","","","","NY","","Oswego","Central NY","Adult-Use Cultivation","","Active","2024-07-10T00:00:00.000","2026-07-10T00:00:00.000"
"GRASSE RIVER HEMP, LLC","Grasse River Hemp","OCM-CULT-24-000125","Adult-Use Cultivator License","Active","Akarsh Narang","","","","NY","","St Lawrence","North Country","Adult-Use Cultivation","","Active","2024-07-10T00:00:00.000","2026-07-10T00:00:00.000"
"Blossom Valley Growers LLC","","OCM-CULT-24-000126","Adult-Use Cultivator License","Active","Stephen Pennings","","","","NY","","Tompkins","Southern Tier","Adult-Use Cultivation","","Active","2024-07-10T00:00:00.000","2026-07-10T00:00:00.000"
"Plants You Can Feel, LLC","","OCM-CULT-24-000127","Adult-Use Cultivator License","Active","Andrew Freeman","","","","NY","","Queens","Queens","Adult-Use Cultivation","","Active","2024-07-17T00:00:00.000","2026-07-17T00:00:00.000"
"Veterans Holdings, Inc","Veterans Holdings","OCM-CULT-24-000128","Adult-Use Cultivator License","Active","Jason Ambrosino","","","","NY","","Fulton","Mohawk Valley","Adult-Use Cultivation","Service-Disabled Veteran-Owned Business","Active","2024-07-17T00:00:00.000","2026-07-17T00:00:00.000"
"HOLM GROWN LLC","","OCM-CULT-24-000129","Adult-Use Cultivator License","Active","Eduardo Vargas","","","","NY","","Columbia","Capital District","Adult-Use Cultivation","","Active","2024-07-17T00:00:00.000","2026-07-17T00:00:00.000"
"Upsprout LLC","","OCM-CULT-24-000130","Adult-Use Cultivator License","Active","Xiao Yong Lin","","","","NY","","Rensselaer","Capital District","Adult-Use Cultivation","","Active","2024-07-25T00:00:00.000","2026-07-25T00:00:00.000"
"URBAN WORLD LLC","","OCM-CULT-24-000131","Adult-Use Cultivator License","Active","Urbano Estevez","","","","NY","","Sullivan","Mid-Hudson","Adult-Use Cultivation","Minority-Owned Business, Individuals from a community disproportionately impacted by the enforcement of cannabis prohibition","Active","2024-07-26T00:00:00.000","2026-07-26T00:00:00.000"
"Hemp Industry Conultants Inc","","OCM-CULT-24-000132","Adult-Use Cultivator License","Active","Victor Lazares","","","","NY","","Dutchess","Mid-Hudson","Adult-Use Cultivation","","Active","2024-07-29T00:00:00.000","2026-07-29T00:00:00.000"
"Hemp Industry Conultants Inc","","OCM-CULT-24-000132","Adult-Use Cultivator License","Active","Victor Lazares","","","","NY","","Suffolk","Long Island","Adult-Use Cultivation","","Active","2024-07-29T00:00:00.000","2026-07-29T00:00:00.000"
"Java Sprouts, LLC","","OCM-CULT-24-000133","Adult-Use Cultivator License","Active","Chad Meyer","","","","NY","","Erie","Western NY","Adult-Use Cultivation","","Active","2024-07-29T00:00:00.000","2026-07-29T00:00:00.000"
"Canna Cure Farms, LLC","","OCM-CULT-24-000134","Adult-Use Cultivator License","Active","Matthew White","","","","NY","","Washington","Capital District","Adult-Use Cultivation","","Active","2024-08-06T00:00:00.000","2026-08-06T00:00:00.000"
"Scotch Valley Ranch Hemp LLC","","OCM-CULT-24-000135","Adult-Use Cultivator License","Active","John Houshmand","","","","NY","","Delaware","Southern Tier","Adult-Use Cultivation","","Active","2024-08-06T00:00:00.000","2026-08-06T00:00:00.000"
"HempChain Farms LLC","","OCM-CULT-24-000136","Adult-Use Cultivator License","Active","Maxson Freeman","","","","NY","","Washington","Capital District","Adult-Use Cultivation","","Active","2024-08-06T00:00:00.000","2026-08-06T00:00:00.000"
"Simply Gold LLC","Hepworth AG","OCM-CULT-24-000137","Adult-Use Cultivator License","Active","Daniel Goldshtein","","","","NY","","Orange","Mid-Hudson","Adult-Use Cultivation","","Active","2024-08-06T00:00:00.000","2026-08-06T00:00:00.000"
"Night Owl Farm LLC","","OCM-CULT-24-000138","Adult-Use Cultivator License","Active","James Gaffney","","","","NY","","Tioga","Southern Tier","Adult-Use Cultivation","","Active","2024-08-06T00:00:00.000","2026-08-06T00:00:00.000"
"Night Owl Farm LLC","","OCM-CULT-24-000138","Adult-Use Cultivator License","Active","James Gaffney","","","","NY","","Tompkins","Southern Tier","Adult-Use Cultivation","","Active","2024-08-06T00:00:00.000","2026-08-06T00:00:00.000"
"Mount Vision Pharms LLC","","OCM-CULT-24-000139","Adult-Use Cultivator License","Active","Peter Pracilio","","","","NY","","Otsego","Mohawk Valley","Adult-Use Cultivation","","Active","2024-08-06T00:00:00.000","2026-08-06T00:00:00.000"
"N&M Farms, LLC","N&M Farms Site","OCM-CULT-24-000140","Adult-Use Cultivator License","Active","Robert Neuman","","","","NY","","Niagara","Western NY","Adult-Use Cultivation","","Active","2024-08-06T00:00:00.000","2026-08-06T00:00:00.000"
"N&M Farms, LLC","","OCM-CULT-24-000140","Adult-Use Cultivator License","Active","Robert Neuman","","","","NY","","Orleans","Finger Lakes","Adult-Use Cultivation","","Active","2024-08-06T00:00:00.000","2026-08-06T00:00:00.000"
"Stop 29 LLC","","OCM-CULT-24-000141","Adult-Use Cultivator License","Active","Michael Viens","","","","NY","","Erie","Western NY","Adult-Use Cultivation","","Active","2024-08-06T00:00:00.000","2026-08-06T00:00:00.000"
"TK Growers LLC","","OCM-CULT-24-000142","Adult-Use Cultivator License","Active","Todd Klubek","","","","NY","","Broome","Southern Tier","Adult-Use Cultivation","","Active","2024-08-06T00:00:00.000","2026-08-06T00:00:00.000"
"Flo Extracts, LLC","","OCM-CULT-24-000143","Adult-Use Cultivator License","Active","Trever Sherman","","","","NY","","Tompkins","Southern Tier","Adult-Use Cultivation","Distressed Farmer","Active","2024-08-07T00:00:00.000","2026-08-07T00:00:00.000"
"Flo Extracts, LLC","","OCM-CULT-24-000143","Adult-Use Cultivator License","Active","Trever Sherman","","","","NY","","Tompkins","Southern Tier","Adult-Use Cultivation","Distressed Farmer","Active","2024-08-07T00:00:00.000","2026-08-07T00:00:00.000"
"Flo Extracts, LLC","Ithaca Organics Cannabis Co.","OCM-CULT-24-000143","Adult-Use Cultivator License","Active","Trever Sherman","","","","NY","","Tompkins","Southern Tier","Adult-Use Cultivation","Distressed Farmer","Active","2024-08-07T00:00:00.000","2026-08-07T00:00:00.000"
"SKX LLC","","OCM-CULT-24-000144","Adult-Use Cultivator License","Active","Hannah Karcheski","","","","NY","","Dutchess","Mid-Hudson","Adult-Use Cultivation","","Active","2024-08-07T00:00:00.000","2026-08-07T00:00:00.000"
"SKX LLC","","OCM-CULT-24-000144","Adult-Use Cultivator License","Active","Hannah Karcheski","","","","NY","","Dutchess","Mid-Hudson","Adult-Use Cultivation","","Active","2024-08-07T00:00:00.000","2026-08-07T00:00:00.000"
"Weaver Road Farms LLC","","OCM-CULT-24-000145","Adult-Use Cultivator License","Active","Edward Cleary","","","","NY","","Chautauqua","Western NY","Adult-Use Cultivation","Women-Owned Business, Distressed Farmer","Active","2024-08-07T00:00:00.000","2026-08-07T00:00:00.000"
"Weaver Road Farms LLC","","OCM-CULT-24-000145","Adult-Use Cultivator License","Active","Edward Cleary","","","","NY","","Chautauqua","Western NY","Adult-Use Cultivation","Women-Owned Business, Distressed Farmer","Active","2024-08-07T00:00:00.000","2026-08-07T00:00:00.000"
"Island Grow, LLC","Island Grow","OCM-CULT-24-000146","Adult-Use Cultivator License","Active","kevin Afonso","","","","NY","","Suffolk","Long Island","Adult-Use Cultivation","","Active","2024-08-07T00:00:00.000","2026-08-07T00:00:00.000"
"Island Grow, LLC","Island Grow","OCM-CULT-24-000146","Adult-Use Cultivator License","Active","kevin Afonso","","","","NY","","Suffolk","Long Island","Adult-Use Cultivation","","Active","2024-08-07T00:00:00.000","2026-08-07T00:00:00.000"
"Hudson Valley Canna LLC","","OCM-CULT-24-000147","Adult-Use Cultivator License","Active","Christopher Sherwin","","","","NY","","Sullivan","Mid-Hudson","Adult-Use Cultivation","","Active","2024-08-07T00:00:00.000","2026-08-07T00:00:00.000"
"Volga Dutch Growers LLC","","OCM-CULT-24-000148","Adult-Use Cultivator License","Active","Terence Yungman","","","","NY","","Tompkins","Southern Tier","Adult-Use Cultivation","","Active","2024-08-07T00:00:00.000","2026-08-07T00:00:00.000"
"Healthy Hi Inc.","","OCM-CULT-24-000149","Adult-Use Cultivator License","Active","Dwayne Simon","","","","NY","","Kings","Brooklyn","Adult-Use Cultivation","Minority-Owned Business","Active","2024-08-14T00:00:00.000","2026-08-14T00:00:00.000"
"SJR Horticulture LLC","","OCM-CULT-24-000150","Adult-Use Cultivator License","Active","Eric Steenstra","","","","NY","","Niagara","Western NY","Adult-Use Cultivation","Minority-Owned Business","Active","2024-08-19T00:00:00.000","2026-08-19T00:00:00.000"
"Sezby Growers LLC","","OCM-CULT-24-000151","Adult-Use Cultivator License","Active","Alexios Georgiades","","","","NY","","Queens","Queens","Adult-Use Cultivation","Minority-Owned Business","Active","2024-08-28T00:00:00.000","2026-08-28T00:00:00.000"
"Lunulata LLC","","OCM-CULT-24-000152","Adult-Use Cultivator License","Active","Robert Semaan","","","","NY","","Oneida","Mohawk Valley","Adult-Use Cultivation","","Non-Operational","2024-09-10T00:00:00.000","2026-09-10T00:00:00.000"
"Lunulata LLC","","OCM-CULT-24-000152","Adult-Use Cultivator License","Active","Robert Semaan","","","","NY","","Albany","Capital District","Adult-Use Cultivation","","Active","2024-09-10T00:00:00.000","2026-09-10T00:00:00.000"
"Hudson River Hemp L.L.C.","","OCM-CULT-24-000153","Adult-Use Cultivator License","Active","Ryan McGrath","","","","NY","","Dutchess","Mid-Hudson","Adult-Use Cultivation","","Active","2024-09-10T00:00:00.000","2026-09-10T00:00:00.000"
"EAST END FLOWER FARM LTD","","OCM-CULT-24-000154","Adult-Use Cultivator License","Active","MARCOS RIBEIRO","","","","NY","","Suffolk","Long Island","Adult-Use Cultivation","Women-Owned Business, Distressed Farmer","Active","2024-09-10T00:00:00.000","2026-09-10T00:00:00.000"
"EAST END FLOWER FARM LTD","","OCM-CULT-24-000154","Adult-Use Cultivator License","Active","MARCOS RIBEIRO","","","","NY","","Suffolk","Long Island","Adult-Use Cultivation","Women-Owned Business, Distressed Farmer","Active","2024-09-10T00:00:00.000","2026-09-10T00:00:00.000"
"Joseph Losicco","","OCM-CULT-24-000155","Adult-Use Cultivator License","Active","Joseph Losicco","","","","NY","","Suffolk","Long Island","Adult-Use Cultivation","","Active","2024-09-11T00:00:00.000","2026-09-11T00:00:00.000"
"Joseph Losicco","","OCM-CULT-24-000155","Adult-Use Cultivator License","Active","Joseph Losicco","","","","NY","","Suffolk","Long Island","Adult-Use Cultivation","","Active","2024-09-11T00:00:00.000","2026-09-11T00:00:00.000"
"Joseph Losicco","","OCM-CULT-24-000155","Adult-Use Cultivator License","Active","Joseph Losicco","","","","NY","","Suffolk","Long Island","Adult-Use Cultivation","","Active","2024-09-11T00:00:00.000","2026-09-11T00:00:00.000"
"Trucann LLC","Trucann","OCM-CULT-24-000156","Adult-Use Cultivator License","Active","Paal Elfstrum","","","","NY","","Niagara","Western NY","Adult-Use Cultivation","","Active","2024-09-11T00:00:00.000","2026-09-11T00:00:00.000"
"Julie Ann's Vegetable and Honey Farm Limited Liability Company","","OCM-CULT-24-000157","Adult-Use Cultivator License","Active","Donald Markoff","","","","NY","","Broome","Southern Tier","Adult-Use Cultivation","","Active","2024-09-11T00:00:00.000","2026-09-11T00:00:00.000"
"Julie Ann's Vegetable and Honey Farm Limited Liability Company","","OCM-CULT-24-000157","Adult-Use Cultivator License","Active","Donald Markoff","","","","NY","","Broome","Southern Tier","Adult-Use Cultivation","","Active","2024-09-11T00:00:00.000","2026-09-11T00:00:00.000"
"PreProcess, Inc.","","OCM-CULT-24-000158","Adult-Use Cultivator License","Active","Marc Privitera","","","","NY","","New York","Manhattan","Adult-Use Cultivation","","Active","2024-09-11T00:00:00.000","2026-09-11T00:00:00.000"
"PreProcess, Inc.","PreProcess","OCM-CULT-24-000158","Adult-Use Cultivator License","Active","Marc Privitera","","","","NY","","Jefferson","North Country","Adult-Use Cultivation","","Active","2024-09-11T00:00:00.000","2026-09-11T00:00:00.000"
"Dew Good Industries LLC","","OCM-CULT-24-000159","Adult-Use Cultivator License","Active","Tania Doverspike","","","","NY","","Seneca","Finger Lakes","Adult-Use Cultivation","Women-Owned Business","Active","2024-09-11T00:00:00.000","2026-09-11T00:00:00.000"
"Roman Empire Farms","","OCM-CULT-24-000160","Adult-Use Cultivator License","Active","Oksana Pidhoreckyj","","","","NY","","Montgomery","Mohawk Valley","Adult-Use Cultivation","","Active","2024-09-11T00:00:00.000","2026-09-11T00:00:00.000"
"SunBaked Farm LLC","","OCM-CULT-24-000161","Adult-Use Cultivator License","Active","Karin Dahlander","","","","NY","","Tompkins","Southern Tier","Adult-Use Cultivation","Women-Owned Business","Active","2024-09-11T00:00:00.000","2026-09-11T00:00:00.000"
"SunBaked Farm LLC","","OCM-CULT-24-000161","Adult-Use Cultivator License","Active","Karin Dahlander","","","","NY","","Tioga","Southern Tier","Adult-Use Cultivation","Women-Owned Business","Active","2024-09-11T00:00:00.000","2026-09-11T00:00:00.000"
"SunBaked Farm LLC","","OCM-CULT-24-000161","Adult-Use Cultivator License","Active","Karin Dahlander","","","","NY","","Tompkins","Southern Tier","Adult-Use Cultivation","Women-Owned Business","Non-Operational","2024-09-11T00:00:00.000","2026-09-11T00:00:00.000"
"Medfarm Inc","","OCM-CULT-24-000162","Adult-Use Cultivator License","Active","Jon Okenfus","","","","NY","","Dutchess","Mid-Hudson","Adult-Use Cultivation","","Active","2024-09-11T00:00:00.000","2026-09-11T00:00:00.000"
"Hempire Farms LLC","","OCM-CULT-24-000163","Adult-Use Cultivator License","Active","Jorden Seamans","","","","NY","","Dutchess","Mid-Hudson","Adult-Use Cultivation","","Active","2024-09-11T00:00:00.000","2026-09-11T00:00:00.000"
"Kaddalack Jack LLC","","OCM-CULT-24-000164","Adult-Use Cultivator License","Active","Brian Pawelski","","","","NY","","Tompkins","Southern Tier","Adult-Use Cultivation","","Active","2024-09-11T00:00:00.000","2026-09-11T00:00:00.000"
"1HQ Inc","","OCM-CULT-24-000165","Adult-Use Cultivator License","Active","Edwin Perez","","","","NY","","Dutchess","Mid-Hudson","Adult-Use Cultivation","Minority-Owned Business","Active","2024-09-12T00:00:00.000","2026-09-12T00:00:00.000"
"Roxy B's Medicinal Herb Farm LLC","Roxy B's Medicinal Herb Farm","OCM-CULT-24-000166","Adult-Use Cultivator License","Active","Roxanne Burford","","","","NY","","Broome","Southern Tier","Adult-Use Cultivation","Women-Owned Business","Active","2024-09-12T00:00:00.000","2026-09-12T00:00:00.000"
"HHC Cultivation LLC","Hudson Herb Co.","OCM-CULT-24-000167","Adult-Use Cultivator License","Active","Christopher Clifford","","","","NY","","Rensselaer","Capital District","Adult-Use Cultivation","","Active","2024-09-12T00:00:00.000","2026-09-12T00:00:00.000"
"Robin L Tucker","SRT FARMZ","OCM-CULT-24-000168","Adult-Use Cultivator License","Active","Robin Tucker","","","","NY","","Jefferson","North Country","Adult-Use Cultivation","Minority-Owned Business, Women-Owned Business","Active","2024-09-26T00:00:00.000","2026-09-26T00:00:00.000"
"Franco's Farm LLC","","OCM-CULT-24-000169","Adult-Use Cultivator License","Active","Frank Jarocki","","","","NY","","Tompkins","Southern Tier","Adult-Use Cultivation","","Active","2024-10-10T00:00:00.000","2026-10-10T00:00:00.000"
"ITHACA CULTIVATED LLC","","OCM-CULT-24-000170","Adult-Use Cultivator License","Active","Paula Collins","","","","NY","","Tompkins","Southern Tier","Adult-Use Cultivation","","Active","2024-10-10T00:00:00.000","2026-10-10T00:00:00.000"
"urbanXtracts","","OCM-CULT-24-000171","Adult-Use Cultivator License","Active","Eran Sherin","","","","NY","","Orange","Mid-Hudson","Adult-Use Cultivation","","Active","2024-10-10T00:00:00.000","2026-10-10T00:00:00.000"
"urbanXtracts","","OCM-CULT-24-000171","Adult-Use Cultivator License","Active","Eran Sherin","","","","NY","","Orange","Mid-Hudson","Adult-Use Cultivation","","Non-Operational","2024-10-10T00:00:00.000","2026-10-10T00:00:00.000"
"Honey & Gold Lifestyle LLC","","OCM-CULT-24-000172","Adult-Use Cultivator License","Active","Jasmine Burems","","","","NY","","Columbia","Capital District","Adult-Use Cultivation","","Active","2024-10-15T00:00:00.000","2026-10-15T00:00:00.000"
"Honey & Gold Lifestyle LLC","","OCM-CULT-24-000172","Adult-Use Cultivator License","Active","Jasmine Burems","","","","NY","","Dutchess","Mid-Hudson","Adult-Use Cultivation","","Active","2024-10-15T00:00:00.000","2026-10-15T00:00:00.000"
"Rec Roots, LLC","","OCM-CULT-24-000173","Adult-Use Cultivator License","Active","Brian Batrowny","","","","NY","","Chemung","Southern Tier","Adult-Use Cultivation","","Active","2024-10-15T00:00:00.000","2026-10-15T00:00:00.000"
"Breathing Web Farms Cultivation LLC","","OCM-CULT-24-000174","Adult-Use Cultivator License","Active","Samir Mahadin","","","","NY","","Dutchess","Mid-Hudson","Adult-Use Cultivation","","Active","2024-10-15T00:00:00.000","2026-10-15T00:00:00.000"
"Empire Hemp Co.","","OCM-CULT-24-000175","Adult-Use Cultivator License","Active","Christopher VanDusen","","","","NY","","Genesee","Finger Lakes","Adult-Use Cultivation","","Active","2024-10-15T00:00:00.000","2026-10-15T00:00:00.000"
"Empire Hemp Co.","","OCM-CULT-24-000175","Adult-Use Cultivator License","Active","Christopher VanDusen","","","","NY","","Monroe","Finger Lakes","Adult-Use Cultivation","","Active","2024-10-15T00:00:00.000","2026-10-15T00:00:00.000"
"MFNY Operations LLC","","OCM-CULT-24-000176","Adult-Use Cultivator License","Active","Michael Kandhorov","","","","NY","","Orange","Mid-Hudson","Adult-Use Cultivation","","Active","2024-10-15T00:00:00.000","2026-10-15T00:00:00.000"
"Triple HHH Farm, LLC","","OCM-CULT-24-000177","Adult-Use Cultivator License","Active","Matthew Meola","","","","NY","","Schenectady","Capital District","Adult-Use Cultivation","","Active","2024-10-15T00:00:00.000","2026-10-15T00:00:00.000"
"Timothy G Hunter","","OCM-CULT-24-000178","Adult-Use Cultivator License","Active","Timothy Hunter","","","","NY","","Wayne","Finger Lakes","Adult-Use Cultivation","","Active","2024-10-15T00:00:00.000","2026-10-15T00:00:00.000"
"Flowerhouse Walden LLC","","OCM-CULT-24-000179","Adult-Use Cultivator License","Active","Sam Phelps","","","","NY","","Orange","Mid-Hudson","Adult-Use Cultivation","","Non-Operational","2024-10-15T00:00:00.000","2026-10-15T00:00:00.000"
"Flowerhouse Walden LLC","FlowerHouse","OCM-CULT-24-000179","Adult-Use Cultivator License","Active","Sam Phelps","","","","NY","","Orange","Mid-Hudson","Adult-Use Cultivation","","Active","2024-10-15T00:00:00.000","2026-10-15T00:00:00.000"
"MORALES EAST COAST INDUSTRIES LLC","","OCM-CULT-24-000180","Adult-Use Cultivator License","Active","Michael Rumrill","","","","NY","","Allegany","Western NY","Adult-Use Cultivation","Minority-Owned Business","Active","2024-10-16T00:00:00.000","2026-10-16T00:00:00.000"
"GREEN FAIRY Corporation","","OCM-CULT-24-000181","Adult-Use Cultivator License","Active","wen lin","","","","NY","","Columbia","Capital District","Adult-Use Cultivation","Women-Owned Business, Minority-Owned Business","Active","2024-10-18T00:00:00.000","2026-10-18T00:00:00.000"
"Mind Full Herbs LLC","Mind Full Herbs","OCM-CULT-24-000182","Adult-Use Cultivator License","Active","Andre Montgomery","","","","NY","","Niagara","Western NY","Adult-Use Cultivation","Minority-Owned Business, Individuals from a community disproportionately impacted by the enforcement of cannabis prohibition","Active","2024-10-18T00:00:00.000","2026-10-18T00:00:00.000"
"Euphoria Gardenz LLC","","OCM-CULT-24-000183","Adult-Use Cultivator License","Active","Lorena Rodriguez","","","","NY","","Queens","Queens","Adult-Use Cultivation","Minority-Owned Business, Individuals from a community disproportionately impacted by the enforcement of cannabis prohibition, Women-Owned Business","Active","2024-10-21T00:00:00.000","2026-10-21T00:00:00.000"
"Farm Grown Canna LLC","","OCM-CULT-24-000184","Adult-Use Cultivator License","Active","Charles Holub","","","","NY","","Schenectady","Capital District","Adult-Use Cultivation","Service-Disabled Veteran-Owned Business","Active","2024-11-01T00:00:00.000","2026-11-01T00:00:00.000"
"420 Green Corn LLC","","OCM-CULT-24-000185","Adult-Use Cultivator License","Active","Joseph Adornetto","","","","NY","","Columbia","Capital District","Adult-Use Cultivation","","Active","2024-11-04T00:00:00.000","2026-11-04T00:00:00.000"
"Sidoti Seven Gardens LLC","","OCM-CULT-24-000186","Adult-Use Cultivator License","Active","Joseph Sidoti","","","","NY","","Orange","Mid-Hudson","Adult-Use Cultivation","","Active","2024-11-13T00:00:00.000","2026-11-13T00:00:00.000"
"Sidoti Seven Gardens LLC","","OCM-CULT-24-000186","Adult-Use Cultivator License","Active","Joseph Sidoti","","","","NY","","Orange","Mid-Hudson","Adult-Use Cultivation","","Active","2024-11-13T00:00:00.000","2026-11-13T00:00:00.000"
"HR BOTANICAL CULTIVATION LLC","","OCM-CULT-24-000187","Adult-Use Cultivator License","Active","Johanne Rosner","","","","NY","","Seneca","Finger Lakes","Adult-Use Cultivation","","Non-Operational","2024-11-13T00:00:00.000","2026-11-13T00:00:00.000"
"HR BOTANICAL CULTIVATION LLC","","OCM-CULT-24-000187","Adult-Use Cultivator License","Active","Johanne Rosner","","","","NY","","Erie","Western NY","Adult-Use Cultivation","","Active","2024-11-13T00:00:00.000","2026-11-13T00:00:00.000"
"Hepworth Pura LLC","5 Owl Dr.","OCM-CULT-24-000188","Adult-Use Cultivator License","Active","Jason Minard","","","","NY","","Ulster","Mid-Hudson","Adult-Use Cultivation","Women-Owned Business","Active","2024-11-13T00:00:00.000","2026-11-13T00:00:00.000"
"Hepworth Pura LLC","","OCM-CULT-24-000188","Adult-Use Cultivator License","Active","Jason Minard","","","","NY","","Ulster","Mid-Hudson","Adult-Use Cultivation","Women-Owned Business","Active","2024-11-13T00:00:00.000","2026-11-13T00:00:00.000"
"Gflower LLC","","OCM-CULT-24-000189","Adult-Use Cultivator License","Active","Christopher Flagg","","","","NY","","Monroe","Finger Lakes","Adult-Use Cultivation","Distressed Farmer","Active","2024-11-13T00:00:00.000","2026-11-13T00:00:00.000"
"Gflower LLC","","OCM-CULT-24-000189","Adult-Use Cultivator License","Active","Christopher Flagg","","","","NY","","Monroe","Finger Lakes","Adult-Use Cultivation","Distressed Farmer","Active","2024-11-13T00:00:00.000","2026-11-13T00:00:00.000"
"GSD CONSULTING FIRM LLC","","OCM-CULT-24-000190","Adult-Use Cultivator License","Active","Dwayne Montgomery","","","","NY","","Niagara","Western NY","Adult-Use Cultivation","Minority-Owned Business, Individuals from a community disproportionately impacted by the enforcement of cannabis prohibition","Active","2024-11-15T00:00:00.000","2026-11-15T00:00:00.000"
"Samrah LLC","","OCM-CULT-24-000191","Adult-Use Cultivator License","Active","Osvaldo Perez","","","","NY","","Dutchess","Mid-Hudson","Adult-Use Cultivation","Individuals from a community disproportionately impacted by the enforcement of cannabis prohibition, Minority-Owned Business","Active","2024-12-06T00:00:00.000","2026-12-06T00:00:00.000"
"Gro-Moore Farms Berries & Buds LLC","","OCM-CULT-25-000192","Adult-Use Cultivator License","Active","Jack Moore","","","","NY","","Monroe","Finger Lakes","Adult-Use Cultivation","","Non-Operational","2025-01-09T00:00:00.000","2027-01-09T00:00:00.000"
"Jack Bear Farm LLC","Jack Bear Farm","OCM-CULT-25-000193","Adult-Use Cultivator License","Active","George Horstmann","","","","NY","","Albany","Capital District","Adult-Use Cultivation","","Active","2025-01-09T00:00:00.000","2027-01-09T00:00:00.000"
"Jack Bear Farm LLC","Jack Bear Farm","OCM-CULT-25-000193","Adult-Use Cultivator License","Active","George Horstmann","","","","NY","","Otsego","Mohawk Valley","Adult-Use Cultivation","","Non-Operational","2025-01-09T00:00:00.000","2027-01-09T00:00:00.000"
"HPI CULTIVATION INC.","","OCM-CULT-25-000194","Adult-Use Cultivator License","Active","Edward Kirkham","","","","NY","","Dutchess","Mid-Hudson","Adult-Use Cultivation","Women-Owned Business, Distressed Farmer","Active","2025-01-09T00:00:00.000","2027-01-09T00:00:00.000"
"NOWAVE LLC","","OCM-CULT-25-000195","Adult-Use Cultivator License","Active","Robert Anderson","","","","NY","","Monroe","Finger Lakes","Adult-Use Cultivation","","Active","2025-01-13T00:00:00.000","2027-01-13T00:00:00.000"
"Live Flower, LLC","","OCM-CULT-25-000196","Adult-Use Cultivator License","Active","Julian Smith","","","","NY","","Erie","Western NY","Adult-Use Cultivation","","Active","2025-03-18T00:00:00.000","2027-03-18T00:00:00.000"
"True Budz LLC","","OCM-CULT-25-000197","Adult-Use Cultivator License","Active","John Madura","","","","NY","","Orange","Mid-Hudson","Adult-Use Cultivation","","Active","2025-03-24T00:00:00.000","2027-03-24T00:00:00.000"
"Blueroman, LLC","","OCM-CULT-25-000198","Adult-Use Cultivator License","Active","Miguel Roman","","","","NY","","Westchester","Mid-Hudson","Adult-Use Cultivation","Individuals from a community disproportionately impacted by the enforcement of cannabis prohibition","Non-Operational","2025-03-25T00:00:00.000","2027-03-25T00:00:00.000"
"Jenny's Baked at Home Company, LLC","","OCM-CULT-25-000199","Adult-Use Cultivator License","Active","Christopher Smith","","","","NY","","Columbia","Capital District","Adult-Use Cultivation","Individuals from a community disproportionately impacted by the enforcement of cannabis prohibition","Active","2025-04-14T00:00:00.000","2027-04-14T00:00:00.000"
"Graceful Roses LLC","","OCM-CULT-25-000200","Adult-Use Cultivator License","Active","Jason Henderson","","","","NY","","Oswego","Central NY","Adult-Use Cultivation","","Non-Operational","2025-04-24T00:00:00.000","2027-04-24T00:00:00.000"
"Dolores H Dygert","Leisuretime Greenhouse","OCM-CULT-25-000201","Adult-Use Cultivator License","Active","Dolores Dygert","","","","NY","","Saratoga","Capital District","Adult-Use Cultivation","","Active","2025-04-24T00:00:00.000","2027-04-24T00:00:00.000"
"GLACIAL VALLEY CULTIVATION, LLC","","OCM-CULT-25-000202","Adult-Use Cultivator License","Active","Robert Ellis","","","","NY","","New York","Manhattan","Adult-Use Cultivation","Service-Disabled Veteran-Owned Business","Active","2025-05-15T00:00:00.000","2027-05-15T00:00:00.000"
"Jerico Farms LLC","Jerico Farms","OCM-CULT-25-000203","Adult-Use Cultivator License","Active","Zachary Swapceinski","","","","NY","","Genesee","Finger Lakes","Adult-Use Cultivation","Service-Disabled Veteran-Owned Business","Active","2025-05-19T00:00:00.000","2027-05-19T00:00:00.000"
"Windsor Cider LLC","","OCM-CULT-25-000204","Adult-Use Cultivator License","Active","Goldy Mastey","","","","NY","","Broome","Southern Tier","Adult-Use Cultivation","Women-Owned Business","Non-Operational","2025-05-20T00:00:00.000","2027-05-20T00:00:00.000"
"John J Spencer JR","Snake Island Genetics","OCM-CULT-25-000205","Adult-Use Cultivator License","Active","John Spencer","","","","NY","","Ontario","Finger Lakes","Adult-Use Cultivation","Individuals from a community disproportionately impacted by the enforcement of cannabis prohibition","Active","2025-07-10T00:00:00.000","2027-07-10T00:00:00.000"
"EOD Farms Corp","","OCM-CULT-25-000206","Adult-Use Cultivator License","Active","Tyler Whetsel","","","","NY","","Orange","Mid-Hudson","Adult-Use Cultivation","Service-Disabled Veteran-Owned Business","Non-Operational","2025-09-10T00:00:00.000","2027-09-10T00:00:00.000"
"Aches and Strains Incorporated","","OCM-CULT-25-000207","Adult-Use Cultivator License","Active","Eileen Anderson","","","","NY","","Rockland","Mid-Hudson","Adult-Use Cultivation","Women-Owned Business","Non-Operational","2025-09-11T00:00:00.000","2027-09-11T00:00:00.000"
"Cannon Cultivation LLC","","OCM-CULT-25-000208","Adult-Use Cultivator License","Active","Patrick Cannon","","","","NY","","Ontario","Finger Lakes","Adult-Use Cultivation","Minority-Owned Business","Non-Operational","2025-09-12T00:00:00.000","2027-09-12T00:00:00.000"
"CHENCANNA INC.","","OCM-CULT-25-000209","Adult-Use Cultivator License","Active","Jeffrey Emerson","","","","NY","","Chenango","Southern Tier","Adult-Use Cultivation","","Non-Operational","2025-09-18T00:00:00.000","2027-09-18T00:00:00.000"
"Dragonfly Kitchen III Inc.","","OCM-CULT-25-000210","Adult-Use Cultivator License","Active","Ching Ho","","","","NY","","Broome","Southern Tier","Adult-Use Cultivation","Minority-Owned Business","Non-Operational","2025-09-19T00:00:00.000","2027-09-19T00:00:00.000"
"CANNADELLA LLC","","OCM-CULT-25-000211","Adult-Use Cultivator License","Active","Derek Frank","","","","NY","","Erie","Western NY","Adult-Use Cultivation","Individuals from a community disproportionately impacted by the enforcement of cannabis prohibition, Extra Priority, Minority-Owned Business","Non-Operational","2025-09-19T00:00:00.000","2027-09-19T00:00:00.000"
"Chiodo & Sons LLC","","OCM-CULT-25-000212","Adult-Use Cultivator License","Active","Jeffrey Chiodo","","","","NY","","Oswego","Central NY","Adult-Use Cultivation","","Non-Operational","2025-10-08T00:00:00.000","2027-10-08T00:00:00.000"
"Brooklyn Grow LLC","","OCM-CULT-25-000213","Adult-Use Cultivator License","Active","Michael Hernandez","","","","NY","","Kings","Brooklyn","Adult-Use Cultivation","Individuals from a community disproportionately impacted by the enforcement of cannabis prohibition, Minority-Owned Business","Non-Operational","2025-10-08T00:00:00.000","2027-10-08T00:00:00.000"
"ALUSI, LLC","","OCM-CULT-25-000214","Adult-Use Cultivator License","Active","Leslie Beech","","","","NY","","Niagara","Western NY","Adult-Use Cultivation","Women-Owned Business","Non-Operational","2025-10-08T00:00:00.000","2027-10-08T00:00:00.000"
"Westchester Agricultural Partners LLC","","OCM-CULT-25-000215","Adult-Use Cultivator License","Active","Orion Servine","","","","NY","","Westchester","Mid-Hudson","Adult-Use Cultivation","","Non-Operational","2025-10-08T00:00:00.000","2027-10-08T00:00:00.000"
"Tompkins County Green Company LLC","","OCM-CULT-25-000216","Adult-Use Cultivator License","Active","CHAD Smith","","","","NY","","Tompkins","Southern Tier","Adult-Use Cultivation","","Active","2025-10-09T00:00:00.000","2027-10-09T00:00:00.000"
"Females and Green Nails LLC","","OCM-CULT-25-000217","Adult-Use Cultivator License","Active","Brittany Capone","","","","NY","","Sullivan","Mid-Hudson","Adult-Use Cultivation","Women-Owned Business","Non-Operational","2025-10-10T00:00:00.000","2027-10-10T00:00:00.000"
"LOVE FREQUENCY LLC","","OCM-CULT-25-000218","Adult-Use Cultivator License","Active","Isis Dawson","","","","NY","","Queens","Queens","Adult-Use Cultivation","Minority-Owned Business, Women-Owned Business","Non-Operational","2025-10-14T00:00:00.000","2027-10-14T00:00:00.000"
"Helena Corp LLC","","OCM-CULT-25-000219","Adult-Use Cultivator License","Active","Taryn Larock","","","","NY","","Washington","Capital District","Adult-Use Cultivation","Women-Owned Business, Minority-Owned Business","Non-Operational","2025-10-22T00:00:00.000","2027-10-22T00:00:00.000"
"S&S Cultivation INC.","","OCM-CULT-25-000220","Adult-Use Cultivator License","Active","Tristan Sanders","","","","NY","","Niagara","Western NY","Adult-Use Cultivation","","Non-Operational","2025-10-24T00:00:00.000","2027-10-24T00:00:00.000"
"332 Manor Farms Inc","","OCM-CULT-25-000221","Adult-Use Cultivator License","Active","John Sipala","","","","NY","","Suffolk","Long Island","Adult-Use Cultivation","","Non-Operational","2025-10-28T00:00:00.000","2027-10-28T00:00:00.000"
"JJD design LLC","","OCM-CULT-25-000222","Adult-Use Cultivator License","Active","Jaime Ferguson","","","","NY","","Monroe","Finger Lakes","Adult-Use Cultivation","","Non-Operational","2025-10-28T00:00:00.000","2027-10-28T00:00:00.000"
"BAKED BY MARY JANE LLC","","OCM-CULT-25-000223","Adult-Use Cultivator License","Active","Victoria DeAraujo","","","","NY","","Dutchess","Mid-Hudson","Adult-Use Cultivation","Minority-Owned Business, Women-Owned Business","Non-Operational","2025-11-03T00:00:00.000","2027-11-03T00:00:00.000"
"Big Yield Growers LLC","BYG","OCM-CULT-25-000224","Adult-Use Cultivator License","Active","James Dutcher","","","","NY","","St Lawrence","North Country","Adult-Use Cultivation","","Non-Operational","2025-11-13T00:00:00.000","2027-11-13T00:00:00.000"
"Nako One 1 LLC","","OCM-CULT-25-000225","Adult-Use Cultivator License","Active","Frank Davi","","","","NY","","Broome","Southern Tier","Adult-Use Cultivation","","Non-Operational","2025-11-17T00:00:00.000","2027-11-17T00:00:00.000"
"Nile of NY, LLC","","OCM-CULT-25-000226","Adult-Use Cultivator License","Active","Leland O'Connor","","","","NY","","Erie","Western NY","Adult-Use Cultivation","Minority-Owned Business","Non-Operational","2025-11-19T00:00:00.000","2027-11-19T00:00:00.000"
"Taco Bandit Cultivators LLC","","OCM-CULT-25-000227","Adult-Use Cultivator License","Active","Thomas Kish","","","","NY","","Ulster","Mid-Hudson","Adult-Use Cultivation","Women-Owned Business","Non-Operational","2025-11-21T00:00:00.000","2027-11-21T00:00:00.000"
"Hippie Cafe LLC","","OCM-CULT-25-000228","Adult-Use Cultivator License","Active","Martha Alvelo","","","","NY","","Orange","Mid-Hudson","Adult-Use Cultivation","Women-Owned Business, Minority-Owned Business","Non-Operational","2025-11-24T00:00:00.000","2027-11-24T00:00:00.000"
"fox ranch llc","","OCM-CULT-25-000229","Adult-Use Cultivator License","Active","jacob fox","","","","NY","","Ontario","Finger Lakes","Adult-Use Cultivation","","Non-Operational","2025-11-26T00:00:00.000","2027-11-26T00:00:00.000"
"Believe In Aisha LLC","","OCM-CULT-25-000230","Adult-Use Cultivator License","Active","Aisha Rodriguez","","","","NY","","Rockland","Mid-Hudson","Adult-Use Cultivation","Women-Owned Business, Individuals from a community disproportionately impacted by the enforcement of cannabis prohibition, Minority-Owned Business","Non-Operational","2025-11-26T00:00:00.000","2027-11-26T00:00:00.000"
"Tarot Tokes LLC","","OCM-CULT-25-000231","Adult-Use Cultivator License","Active","Julianna Aiello","","","","NY","","Erie","Western NY","Adult-Use Cultivation","Women-Owned Business","Non-Operational","2025-12-17T00:00:00.000","2027-12-17T00:00:00.000"
"LIT Distribution and Logistics LLC","","OCM-CULT-25-000232","Adult-Use Cultivator License","Active","Joshua Breitmaier","","","","NY","","Schoharie","Mohawk Valley","Adult-Use Cultivation","Minority-Owned Business, Women-Owned Business","Non-Operational","2025-12-22T00:00:00.000","2027-12-22T00:00:00.000"
"HEALTH RESORT INC","","OCM-CULT-26-000233","Adult-Use Cultivator License","Active","York Zhang","","","","NY","","Sullivan","Mid-Hudson","Adult-Use Cultivation","Minority-Owned Business","Non-Operational","2026-01-14T00:00:00.000","2028-01-14T00:00:00.000"
"AJPC Enterprises Inc.","","OCM-CULT-26-000234","Adult-Use Cultivator License","Active","Joseph Colamussi","","","","NY","","Suffolk","Long Island","Adult-Use Cultivation","Women-Owned Business","Non-Operational","2026-01-16T00:00:00.000","2028-01-16T00:00:00.000"
"Kevin M Lewandowski","","OCM-CULT-26-000235","Adult-Use Cultivator License","Active","Kevin Lewandowski","","","","NY","","Erie","Western NY","Adult-Use Cultivation","","Non-Operational","2026-02-06T00:00:00.000","2028-02-06T00:00:00.000"
"Farm Sampling Solutions LLC","","OCM-CULT-26-000236","Adult-Use Cultivator License","Active","Zachary Potter","","","","NY","","Tompkins","Southern Tier","Adult-Use Cultivation","","Non-Operational","2026-02-10T00:00:00.000","2028-02-10T00:00:00.000"
"BDALAK LLC","","OCM-CULT-26-000237","Adult-Use Cultivator License","Active","Mayra Espinal","","","","NY","","Rockland","Mid-Hudson","Adult-Use Cultivation","Minority-Owned Business, Women-Owned Business","Non-Operational","2026-03-03T00:00:00.000","2028-03-03T00:00:00.000"
"ORGANIC CRAFT VENTURES CORP.","","OCM-CULT-26-000238","Adult-Use Cultivator License","Active","Selena morales","","","","NY","","Greene","Capital District","Adult-Use Cultivation","Minority-Owned Business","Non-Operational","2026-03-04T00:00:00.000","2028-03-04T00:00:00.000"
"ORGANIC CRAFT VENTURES CORP.","","OCM-CULT-26-000238","Adult-Use Cultivator License","Active","Selena morales","","","","NY","","Kings","Brooklyn","Adult-Use Cultivation","Minority-Owned Business","Non-Operational","2026-03-04T00:00:00.000","2028-03-04T00:00:00.000"
"Shamir OT PC","","OCM-CULT-26-000239","Adult-Use Cultivator License","Active","beni rachmanov","","","","NY","","Sullivan","Mid-Hudson","Adult-Use Cultivation","Women-Owned Business","Non-Operational","2026-03-04T00:00:00.000","2028-03-04T00:00:00.000"
"WESTWOOD PRESERVE LLC","","OCM-CULT-26-000240","Adult-Use Cultivator License","Active","MICHAEL WEST","","","","NY","","Madison","Central NY","Adult-Use Cultivation","Distressed Farmer","Non-Operational","2026-03-10T00:00:00.000","2028-03-10T00:00:00.000"
"Hemp Farms LLC","","","Adult-Use Cultivator License","In-Process","maya mirzokandova","","","","NY","","Schenectady","Capital District","Adult-Use Cultivation","","Non-Operational","",""
"LNA Services Inc.","","","Adult-Use Cultivator License","In-Process","Leanne Andersson","","","","NY","","Niagara","Western NY","Adult-Use Cultivation","","Non-Operational","",""
"Hold Ya Head Productions, L.L.C.","Ivory & Tusks","","Adult-Use Cultivator License","In-Process","George Wellington","","","","NY","","Kings","Brooklyn","Adult-Use Cultivation","","Non-Operational","",""
"Kloud 9 Gardenz L.L.C.","","","Adult-Use Cultivator License","In-Process","Hughton Bullen","","","","NY","","Kings","Brooklyn","Adult-Use Cultivation","","Non-Operational","",""
"Premier Cultivators of WNY llc","","","Adult-Use Cultivator License","In-Process","DAVID OSHIP","","","","NY","","Niagara","Western NY","Adult-Use Cultivation","","Non-Operational","",""
"The High End Chocolate Company, LLC","The High End","","Adult-Use Cultivator License","In-Process","Helen Gomez","","","","NY","","Greene","Capital District","Adult-Use Cultivation","","Non-Operational","",""
"4ACRES Development Llc","","","Adult-Use Cultivator License","In-Process","Shaunell Kennard","","","","NY","","Queens","Queens","Adult-Use Cultivation","","Non-Operational","",""
"CHECKOUT NUGG LLC","","","Adult-Use Cultivator License","In-Process","Aaron Lewis","","","","NY","","Orange","Mid-Hudson","Adult-Use Cultivation","","Non-Operational","",""
"NAY-TAY LLC","","","Adult-Use Cultivator License","In-Process","Danyette Palmer","","","","NY","","Orange","Mid-Hudson","Adult-Use Cultivation","","Non-Operational","",""
"Green Grow Cannabis Garden INC.","","","Adult-Use Cultivator License","In-Process","Ka Lay Tom","","","","NY","","Delaware","Southern Tier","Adult-Use Cultivation","","Non-Operational","",""
"GreenDJ NY LLC","","","Adult-Use Cultivator License","In-Process","Dimitri Torres","","","","NY","","Columbia","Capital District","Adult-Use Cultivation","","Non-Operational","",""
"Sofi Farms LLC","","","Adult-Use Cultivator License","In-Process","Karla Ricci","","","","NY","","Kings","Brooklyn","Adult-Use Cultivation","","Non-Operational","",""
"Grove Earth, LLC","","","Adult-Use Cultivator License","In-Process","Rachel Bussan","","","","NY","","Onondaga","Central NY","Adult-Use Cultivation","","Non-Operational","",""
"Guy Matalon Grows LLC","","","Adult-Use Cultivator License","In-Process","Guy Matalon","","","","NY","","Rockland","Mid-Hudson","Adult-Use Cultivation","","Non-Operational","",""
"Faded Flowers LLC","","","Adult-Use Cultivator License","In-Process","Justin Georgiades","","","","NY","","Queens","Queens","Adult-Use Cultivation","","Non-Operational","",""
"CCKNY, LLC","","","Adult-Use Cultivator License","In-Process","Gilbert Milam","","","","NY","","Erie","Western NY","Adult-Use Cultivation","","Non-Operational","",""
"A.F.S.S.M, iNC","","","Adult-Use Cultivator License","In-Process","Shaun Mcgee","","","","NY","","Queens","Queens","Adult-Use Cultivation","","Non-Operational","",""